[
    {
        "id": 0,
        "imageUrl": "img/pizza-1.png",
        "title": "Пеперони Фреш",
        "types": [0, 1],
        "sizes": [26, 30, 40],
        "price": 803,
        "category": 0,
        "rating": 4
    },
    {
        "id": 1,
        "imageUrl": "img/pizza-2.png",
        "title": "Сырная",
        "types": [0],
        "sizes": [26, 40],
        "price": 245,
        "category": 1,
        "rating": 4
    },
    {
        "id": 2,
        "imageUrl": "img/pizza-3.png",
        "title": "Барбекю",
        "types": [0, 1],
        "sizes": [26, 30, 40],
        "price": 803,
        "category": 0,
        "rating": 4
    },
    {
        "id": 3,
        "imageUrl": "img/pizza-4.png",
        "title": "Пеперони Фреш",
        "types": [0, 1],
        "sizes": [26, 30, 40],
        "price": 803,
        "category": 0,
        "rating": 4
    }
]